snr_db,method,ber,evm,channel_nmse
0.0,LS,0.28444010416666665,2.9734209592155394,0.8820003092070536
0.0,LMMSE,0.25533854166666664,3.566819644886055,0.3014377248415798
5.0,LS,0.17122395833333334,1.9029010954349206,0.30434780682338036
5.0,LMMSE,0.145703125,2.091940514879182,0.1321601208510329
10.0,LS,0.07610677083333334,1.3684865102156922,0.0975598415698051
10.0,LMMSE,0.06015625,1.0324806903519024,0.043097004144739263
15.0,LS,0.03274739583333333,0.9540305244014041,0.0435800133985957
15.0,LMMSE,0.021158854166666668,0.9025513908579925,0.016133092982503514
20.0,LS,0.014778645833333333,0.5859703995871897,0.021359849992970442
20.0,LMMSE,0.006705729166666666,0.32851539918247447,0.004964161365030768
25.0,LS,0.007421875,0.35923900802261477,0.014966714578580596
25.0,LMMSE,0.0024088541666666668,0.26919582390404423,0.0015118486491603757
